userId,purchase_per_adclick,avg_session_duration,hit_rate
0,0.0,2632.5,0.1055350553505535
1,0.4772727272727273,3750.9880952380954,0.1340782122905028
2,0.0,3834.0,0.09523809523809523
6,0.0,4470.0,0.10596026490066225
8,5.3,2400.0,0.1
9,2.1621621621621623,3760.0,0.1220472440944882
10,0.5789473684210527,3060.0,0.10943031863533956
12,4.673913043478261,3561.4285714285716,0.13068181818181818
13,1.25,4065.0,0.1023454157782516
14,0.0,3780.0,0.059880239520958084
15,0.13333333333333333,3135.0,0.1111111111111111
16,0.0,2692.5,0.11187607573149742
17,0.0,4920.0,0.0963855421686747
20,0.0,3660.0,0.1085972850678733
21,0.36538461538461536,3753.602380952381,0.09764309764309764
23,0.0,3620.0,0.0989867498051442
25,0.0,3753.692857142857,0.11827956989247312
26,0.2222222222222222,2175.0,0.10314685314685315
27,0.4,1710.0,0.07
28,0.0,3750.714285714286,0.102803738317757
29,3.75,3060.0,0.16025641025641027
30,0.0,3752.6,0.07718120805369127
32,0.0,3720.0,0.10596026490066225
34,2.7941176470588234,4717.5,0.12090680100755667
35,0.0,5520.0,0.06607929515418502
36,0.0,3570.0,0.09659090909090909
37,0.0,4740.0,0.09125
38,1.0344827586206897,3100.0,0.11267605633802817
39,0.0,3912.0,0.1111111111111111
41,0.0,690.0,0.12990196078431374
45,0.0,0.0,0.12429378531073447
46,0.0,3967.5,0.10378117457763475
47,0.0,2220.0,0.1282051282051282
48,0.0,4840.0,0.11135135135135135
60,0.0,3754.152380952381,0.09287925696594428
62,0.5652173913043478,3754.266666666667,0.10212201591511937
64,0.0,3120.0,0.07692307692307693
65,0.7105263157894737,3920.0,0.10973451327433628
66,0.45454545454545453,3504.0,0.10983827493261455
67,4.0,360.0,0.08646616541353383
68,0.425,3752.3690476190473,0.10697674418604651
70,0.0,4140.0,0.09453781512605042
73,0.0,3892.5,0.09982486865148861
74,0.0,4635.0,0.09523809523809523
75,0.0,3385.0,0.14351851851851852
76,0.4230769230769231,3752.8904761904764,0.1329639889196676
77,0.0,0.0,0.42857142857142855
79,0.3333333333333333,3630.0,0.11650485436893204
81,0.0,3753.452380952381,0.10830324909747292
83,0.6071428571428571,3750.8928571428573,0.11088709677419355
84,0.7619047619047619,4050.0,0.11785714285714285
90,0.3333333333333333,3752.190476190476,0.14733542319749215
93,0.0,3751.454761904762,0.10591471801925723
94,0.0,3810.0,0.11815561959654179
97,0.4888888888888889,3754.040476190476,0.11196911196911197
101,0.0,3751.402380952381,0.07534246575342465
102,1.6666666666666667,4860.0,0.13829787234042554
103,0.0,2745.0,0.11224489795918367
106,0.0,0.0,0.0967741935483871
108,0.0,3752.697619047619,0.1227810650887574
109,0.0,3940.0,0.10680529300567108
110,0.0,4830.0,0.10067114093959731
113,0.17073170731707318,3834.0,0.11940298507462686
114,0.0,1110.0,0.11688311688311688
118,0.0,3420.0,0.10161662817551963
121,0.6744186046511628,3750.209523809524,0.09492273730684327
122,0.0,0.0,0.15
123,0.0,3753.085714285714,0.08083140877598152
124,0.0,0.0,0.2
127,3.8536585365853657,3750.080952380952,0.12463343108504399
128,0.0,2230.0125,0.09444444444444444
130,0.0,2955.0,0.11144130757800892
133,0.0,0.0,0.08064516129032258
134,0.4,3240.0,0.11907270811380401
142,0.0,1168.825,0.11956521739130435
143,0.8857142857142857,4380.0,0.1141552511415525
150,0.07692307692307693,2664.0,0.09737510584250635
151,0.0,2670.0,0.06756756756756757
153,0.75,3225.0,0.09244644870349493
154,1.0454545454545454,3465.0,0.11170212765957446
155,0.0,3751.7595238095237,0.08333333333333333
157,1.4324324324324325,3753.9714285714285,0.11014492753623188
159,0.0,600.0,0.08860759493670886
160,0.0,2830.1142857142854,0.08514190317195326
161,0.0,3345.0,0.09988901220865705
164,0.0,60.0,0.1
165,4.545454545454546,3751.6333333333337,0.11465892597968069
168,2.34375,3060.0,0.12428919577579203
170,0.0,559.4,0.109375
171,0.0,0.0,0.056818181818181816
174,0.0,3750.621428571428,0.10654205607476636
175,0.0,3752.452380952381,0.10990990990990991
178,3.918918918918919,3750.5,0.157514450867052
180,0.0,4250.0,0.07692307692307693
181,0.0,3753.440476190476,0.107981220657277
184,0.0,3752.1357142857146,0.11385459533607682
186,0.4090909090909091,4230.0,0.11195652173913044
191,0.0,4222.5,0.13229571984435798
195,0.0,0.0,0.07142857142857142
198,4.545454545454546,3795.0,0.11467889908256881
199,0.0,4040.0,0.10230547550432277
204,0.0,3753.214285714286,0.12424242424242424
206,0.0,3222.0,0.09045226130653267
208,3.3783783783783785,3750.909523809524,0.12084592145015106
209,0.0,3754.159523809524,0.12520064205457465
210,0.48936170212765956,3751.7833333333333,0.10916666666666666
211,0.0,3330.0,0.0851063829787234
212,0.8113207547169812,3753.016666666667,0.12320916905444126
217,0.0,3751.083333333333,0.08798283261802575
220,0.0,4110.0,0.13186813186813187
221,3.173076923076923,3750.37380952381,0.12296564195298372
222,0.7551020408163265,3752.6952380952384,0.11581291759465479
223,0.0,3751.2357142857145,0.10803324099722991
224,0.0,1650.0,0.11363636363636363
228,0.0,3840.0,0.12026359143327842
229,0.0,2745.0,0.11127043303699455
231,3.3157894736842106,3810.0,0.10410958904109589
233,0.7567567567567568,3950.0,0.1289198606271777
236,1.7916666666666667,5080.0,0.11494252873563218
238,0.0,0.0,0.10416666666666667
239,0.9523809523809523,2497.213333333333,0.09505703422053231
242,0.0,3651.4285714285716,0.1001890359168242
243,0.25,3752.0119047619046,0.09292035398230089
244,0.46808510638297873,3753.092857142857,0.11868390129259694
248,0.0,1140.0,0.10416666666666667
250,1.1428571428571428,0.0,0.12
252,0.0,4545.0,0.09968847352024922
253,0.24528301886792453,3753.585714285714,0.12608695652173912
256,1.0,3060.0,0.11029072450392248
257,0.0,3540.0,0.11049723756906077
261,0.4642857142857143,4035.0,0.13439635535307518
265,1.5,1260.0,0.05622489959839357
266,0.0,0.0,0.2
267,0.0,0.0,0.06060606060606061
268,0.0,2940.0,0.11956521739130435
269,0.0,3945.0,0.10714285714285714
270,0.0,0.0,0.0
271,0.3409090909090909,4350.0,0.11449016100178891
275,0.0,1822.5,0.11336032388663968
277,0.9375,3810.0,0.12321428571428572
279,0.18181818181818182,3752.3595238095236,0.08695652173913043
280,0.0,4065.0,0.10679611650485436
281,2.8333333333333335,3915.0,0.100418410041841
283,0.0,3753.907142857143,0.10730593607305935
286,2.0689655172413794,4110.0,0.12709030100334448
289,0.0,3900.0,0.1092896174863388
290,0.0,2730.0,0.08675445391169635
292,0.0,3751.5309523809524,0.10643015521064302
293,5.0,2550.0,0.11203319502074689
294,0.3333333333333333,1320.0,0.09644670050761421
295,0.0,0.0,0.12121212121212122
296,0.0,4215.0,0.11599297012302284
303,0.0,2914.4194444444443,0.1326530612244898
305,0.6,4760.0,0.08064516129032258
306,0.17777777777777778,3752.233333333333,0.10797174571140263
308,0.0,5880.0,0.08771929824561403
309,0.14,3752.7714285714287,0.10466439135381114
311,0.0,4320.0,0.10687022900763359
313,0.3333333333333333,1850.0,0.11880046136101499
318,0.0,0.0,0.18181818181818182
321,0.0,3752.8047619047616,0.10047095761381476
322,0.0,4390.0,0.10331125827814569
326,0.0,4290.0,0.1111111111111111
331,3.111111111111111,4620.0,0.09941520467836257
332,1.5384615384615385,2010.0,0.10784313725490197
333,1.6285714285714286,4400.0,0.11591695501730104
337,0.0,3840.0,0.08837209302325581
338,0.0,2340.0,0.09540636042402827
339,0.0,4880.0,0.11632270168855535
340,0.0,3570.0,0.11411411411411411
342,0.0,3751.1119047619045,0.1180327868852459
343,0.25,3752.1309523809527,0.11068211068211069
344,0.0,3751.1833333333334,0.10471204188481675
347,1.6,3472.5,0.11155378486055777
348,0.0,2430.0,0.10084033613445378
351,0.0,1816.65,0.15730337078651685
352,4.285714285714286,3751.8833333333337,0.1144186046511628
355,2.857142857142857,3753.2357142857145,0.11063372717508056
356,0.0,4060.0,0.11935730680948738
357,0.71875,4320.0,0.10670731707317073
358,1.0303030303030303,3786.0,0.14903846153846154
365,0.7575757575757576,3810.0,0.09921259842519685
366,0.0,3970.0,0.10512129380053908
367,0.2222222222222222,3540.0,0.10619469026548672
371,0.6666666666666666,3752.65,0.12371134020618557
374,0.5818181818181818,3753.921428571429,0.1336206896551724
375,2.3333333333333335,3395.0,0.12056283978253918
377,0.0,3210.0,0.10625
378,3.3333333333333335,750.0,0.125
379,0.0,4338.0,0.08365019011406843
382,1.8636363636363635,3752.1952380952384,0.1097770154373928
383,1.6923076923076923,1905.0,0.11824324324324324
384,0.0,0.0,0.030303030303030304
388,1.7142857142857142,4590.0,0.12283737024221453
390,0.38,3753.845238095238,0.10883620689655173
391,0.0,0.0,0.13333333333333333
392,0.0,4450.0,0.10823311748381129
395,0.0,1020.0,0.08994708994708994
397,1.2903225806451613,3318.0,0.12927191679049035
399,0.6944444444444444,3660.0,0.11204644412191582
400,0.6862745098039216,3753.9357142857143,0.11213235294117647
401,0.0,30.0,0.1568627450980392
403,5.0,4290.0,0.1415929203539823
404,0.25,3650.0,0.10633307271305707
406,0.0,0.0,0.08571428571428572
409,0.5882352941176471,4810.0,0.07720588235294118
410,0.0,3450.0,0.10738255033557047
411,0.0,3752.795238095238,0.09982174688057041
412,2.6530612244897958,3751.747619047619,0.11505922165820642
415,0.8035714285714286,3753.907142857143,0.08917197452229299
417,1.0,3910.0,0.13496280552603612
418,0.0,2850.0,0.11000709723207949
419,0.0,4995.0,0.08928571428571429
420,0.5217391304347826,4140.0,0.14173228346456693
422,0.0,2641.125,0.08048289738430583
424,0.0,450.0,0.07407407407407407
426,0.631578947368421,3828.0,0.11020408163265306
427,2.5,5610.0,0.1033210332103321
428,0.0,270.0,0.1506849315068493
430,0.7105263157894737,4134.0,0.09976798143851508
432,0.0,1890.0,0.10752688172043011
433,0.0,1500.0,0.102803738317757
435,0.0,0.0,0.13333333333333333
436,1.162162162162162,3750.0,0.11458333333333333
437,0.0,3751.5499999999997,0.11038961038961038
439,0.7575757575757576,3930.0,0.08571428571428572
440,0.0,4500.0,0.08531746031746032
441,0.0,4374.0,0.10657193605683836
442,2.5,0.0,0.10795454545454546
445,0.775,3753.6404761904764,0.11505681818181818
446,0.0,3845.0,0.10152284263959391
447,0.0,2910.0,0.05737704918032787
448,0.5806451612903226,3935.0,0.10339943342776203
449,0.0,4080.0,0.11869436201780416
450,0.0,240.0,0.13793103448275862
453,0.0,3753.035714285714,0.10666666666666667
455,2.5,4332.0,0.11602209944751381
456,0.0,3751.042857142857,0.10279187817258884
457,0.0,4770.0,0.14779874213836477
460,0.0,2970.0,0.11192930780559647
461,0.0,2580.0,0.09810554803788904
462,0.5416666666666666,3752.5238095238096,0.12065439672801637
464,2.375,4515.0,0.1477832512315271
467,0.0,570.0,0.17054263565891473
468,0.0,2220.0,0.09821428571428571
471,3.9607843137254903,3751.790476190476,0.1450381679389313
472,0.0,3950.0,0.10526315789473684
473,2.4347826086956523,3825.0,0.11908646003262642
475,0.0,5820.0,0.11764705882352941
478,0.0,3750.897619047619,0.12468193384223919
482,0.0,0.0,0.0
487,0.0,3751.2785714285715,0.10192837465564739
489,0.0,3750.047619047619,0.10064516129032258
491,0.0,3045.0,0.10033076074972437
494,0.0,3750.0,0.10358565737051793
497,0.23809523809523808,4040.0,0.11940298507462686
498,1.3548387096774193,3294.0,0.1195840554592721
499,10.0,0.0,0.08108108108108109
500,0.5714285714285714,3405.0,0.12824010914051842
504,1.5116279069767442,3750.792857142857,0.12831858407079647
508,1.1818181818181819,5040.0,0.1102514506769826
511,4.651162790697675,3753.4904761904763,0.12025316455696203
514,0.0,3754.192857142857,0.10421052631578948
515,0.45454545454545453,1893.5791666666667,0.13306451612903225
518,0.22580645161290322,2777.75,0.11867088607594936
525,0.0,1590.0,0.09523809523809523
526,4.545454545454546,2160.0,0.17582417582417584
529,0.0,1170.0,0.12931034482758622
530,0.875,3110.0,0.10964607911172797
531,0.1111111111111111,3187.5,0.11267605633802817
534,0.0,3750.545238095238,0.12209302325581395
536,0.2727272727272727,1950.0,0.10126582278481013
537,0.0,3975.0,0.11739130434782609
538,0.0,3752.2214285714285,0.07441860465116279
539,0.0,3754.2619047619046,0.11617312072892938
540,0.0,3195.0,0.1042296072507553
542,0.7692307692307693,5400.0,0.1262135922330097
544,0.0,4070.0,0.08764367816091954
546,0.0,3615.0,0.10582010582010581
547,0.0,4177.5,0.10344827586206896
548,0.0,2130.0,0.11538461538461539
551,0.0,0.0,0.12380952380952381
554,0.0,2070.0,0.1024390243902439
555,0.0,4342.5,0.09786476868327403
559,0.6,4200.0,0.15555555555555556
560,0.0,4155.0,0.08256880733944955
561,0.5714285714285714,4065.0,0.12875536480686695
564,0.16981132075471697,3750.457142857143,0.09259259259259259
567,0.0,1930.0,0.0899390243902439
568,0.0,0.0,0.16129032258064516
569,0.0,3753.1404761904764,0.11168032786885246
575,0.0,3450.0,0.096
576,0.0,3750.7261904761904,0.08016032064128256
577,0.0,0.0,0.25
579,0.75,2587.5,0.11215415019762846
582,1.5,2340.0,0.08641975308641975
584,0.0,4550.0,0.11956521739130435
585,0.7894736842105263,3753.6857142857143,0.11324570273003033
590,4.703703703703703,3882.0,0.12885154061624648
591,0.0,3754.047619047619,0.10495382031905962
592,0.0,3410.0,0.09771309771309772
595,0.9464285714285714,3752.6857142857143,0.11401098901098901
598,0.0,4362.0,0.14285714285714285
600,0.0,3751.1833333333334,0.10414560161779575
601,0.0,630.0,0.10256410256410256
603,0.0,0.0,0.09523809523809523
604,0.0,3395.0,0.11432706222865413
605,0.0,3105.0,0.10714285714285714
608,0.0,0.0,0.058823529411764705
610,0.0,2270.0,0.10430247718383312
611,1.6744186046511629,3751.647619047619,0.10810810810810811
620,3.411764705882353,3880.0,0.13095238095238096
622,0.0,3210.0,0.06626506024096386
624,2.9361702127659575,3752.795238095238,0.13530655391120508
625,0.0,4740.0,0.10909090909090909
627,0.3333333333333333,0.0,0.10344827586206896
628,2.1,2700.0,0.1411764705882353
630,0.0,3752.057142857143,0.11947626841243862
633,0.0,0.0,0.08536585365853659
638,0.0,4740.0,0.08571428571428572
639,0.0,3750.483333333333,0.11523588553750967
643,1.0526315789473684,3940.0,0.12181303116147309
645,0.0,0.0,0.0
647,0.0,0.0,0.13253012048192772
648,0.0,4440.0,0.12669683257918551
649,0.14814814814814814,3750.9380952380952,0.0912106135986733
650,3.0,0.0,0.17647058823529413
652,0.0,1650.0,0.15384615384615385
653,0.0,3670.0,0.09815950920245399
657,0.0,1950.0277777777776,0.10880829015544041
662,0.0,3685.714285714286,0.09698795180722891
663,1.5625,5250.0,0.11678832116788321
664,0.0,0.0,0.1111111111111111
667,13.0,0.0,0.17647058823529413
668,0.0,4125.0,0.13522012578616352
669,0.0,4005.0,0.10526315789473684
670,3.9782608695652173,3750.852380952381,0.12296983758700696
673,0.0,3754.152380952381,0.09639498432601881
674,0.0,2377.5,0.11183144246353323
677,0.0,0.0,0.0875
679,0.0,885.0,0.1469387755102041
688,0.19047619047619047,4575.0,0.044534412955465584
689,0.09523809523809523,4930.0,0.10352422907488987
695,0.0,1050.0,0.09014084507042254
696,0.0,0.0,0.125
699,0.0,3754.1,0.10831721470019343
701,0.56,3860.0,0.11267605633802817
703,0.0,4395.0,0.08921933085501858
706,0.0,3753.3119047619048,0.1079136690647482
708,1.4285714285714286,3753.9309523809525,0.11219512195121951
709,0.0,2920.0,0.09098497495826377
710,0.0,3753.090476190476,0.1117092866756393
711,2.125,3150.0,0.14403973509933773
713,0.0,4635.0,0.10675381263616558
715,2.2,4220.0,0.1388888888888889
717,0.22727272727272727,4990.0,0.11818181818181818
718,5.0,0.0,0.1
719,0.0,5030.0,0.10922330097087378
720,0.0,4630.0,0.08027522935779817
721,2.0588235294117645,3540.0,0.11699779249448124
723,0.0,4695.0,0.13198757763975155
726,3.5483870967741935,4880.0,0.1108433734939759
728,0.75,3840.0,0.08823529411764706
730,0.0,3395.0,0.09842305600870038
732,4.0,300.0,0.10740740740740741
736,0.5454545454545454,4035.0,0.09908536585365854
737,0.0,3750.7761904761905,0.14332247557003258
738,0.0,3560.0,0.09276729559748427
740,3.25,3725.0,0.14772727272727273
741,0.7647058823529411,3750.8238095238094,0.11482433590402742
742,3.125,0.0,0.11594202898550725
744,0.0,3753.7285714285713,0.093
745,0.0,4785.0,0.0972644376899696
748,0.1875,4515.0,0.12408759124087591
750,0.0,0.0,0.12121212121212122
751,0.3409090909090909,3751.538095238095,0.1112618724559023
754,0.4146341463414634,3750.0,0.10392902408111533
755,2.1052631578947367,5385.0,0.1072961373390558
756,0.0,4330.0,0.07958477508650519
757,0.0,3751.9,0.10301507537688442
758,0.0,0.0,0.15555555555555556
763,0.0,0.0,0.09433962264150944
764,0.0,0.0,0.08333333333333333
765,4.393939393939394,4230.0,0.10839160839160839
767,0.9411764705882353,5090.0,0.11956521739130435
769,0.41304347826086957,3510.0,0.09718670076726342
770,2.127659574468085,3750.328571428571,0.11730205278592376
771,0.0,3765.0,0.11683848797250859
777,0.0,4140.0,0.08743169398907104
782,0.0,3750.0214285714287,0.0875796178343949
783,0.0,3045.0,0.1
784,0.0,3395.0,0.10572460030943785
787,0.0,3750.309523809524,0.09759547383309759
790,0.0,780.0,0.2222222222222222
791,0.0,3753.254761904762,0.10136157337367625
792,0.0,0.0,0.0
799,0.3157894736842105,2467.5,0.10654936461388075
800,0.0,3280.0,0.1006423982869379
801,2.5,3751.7190476190476,0.13459399332591768
806,0.0,30.0,0.0847457627118644
807,0.08620689655172414,3753.5880952380953,0.10175438596491228
808,1.88,5085.0,0.10363636363636364
810,0.7441860465116279,3752.9380952380952,0.1084788029925187
812,0.0,3750.809523809524,0.10650069156293222
819,1.9444444444444444,3750.6857142857143,0.13012477718360071
820,0.40425531914893614,3750.590476190476,0.11734693877551021
821,0.0,5310.0,0.12093023255813953
824,2.0555555555555554,5250.0,0.10550458715596331
825,3.3333333333333335,2160.0,0.13793103448275862
826,0.0,4845.0,0.10775862068965517
827,1.1153846153846154,3751.004761904762,0.11074561403508772
828,3.076923076923077,3690.0,0.08196721311475409
832,0.0,3095.0,0.09905362776025237
835,0.0,2487.9166666666665,0.1079646017699115
841,0.0,3752.1047619047617,0.0872093023255814
844,1.619047619047619,3751.907142857143,0.09523809523809523
845,0.0,3750.307142857143,0.12377450980392157
846,1.0,3753.5619047619048,0.1383219954648526
847,0.0,2782.5,0.12857142857142856
849,0.0,3750.247619047619,0.1226215644820296
851,0.0,4462.5,0.10583446404341927
852,0.0,3751.4285714285716,0.14912280701754385
855,3.787878787878788,3660.0,0.147119341563786
856,1.6981132075471699,3752.1404761904764,0.11731843575418995
859,0.0,3526.56875,0.1013215859030837
860,0.0,3780.0,0.10054844606946983
861,0.10810810810810811,4920.0,0.12544802867383512
862,0.0,0.0,0.09302325581395349
864,0.4791666666666667,3720.0,0.11290322580645161
867,4.516129032258065,3750.745238095238,0.14547677261613692
868,3.8636363636363638,3750.85,0.1329479768786127
871,0.0,3270.0,0.12693498452012383
872,0.0,3753.7238095238095,0.11210191082802548
873,0.0,2450.0,0.11005917159763313
874,0.8888888888888888,3660.0,0.13725490196078433
876,0.0,3705.0,0.10377358490566038
880,0.0,1608.388888888889,0.08620689655172414
881,3.2888888888888888,3753.164285714286,0.1192214111922141
883,0.0,0.0,0.07142857142857142
887,0.9523809523809523,2680.0,0.10408921933085502
893,0.7692307692307693,3000.0,0.09859154929577464
896,0.044444444444444446,3754.1071428571427,0.11521547933157432
897,0.0,4297.5,0.10756782484531176
899,0.0,3753.419047619048,0.10419790104947527
900,0.0,3752.5761904761903,0.12430426716141002
902,0.0,4560.0,0.09809264305177112
904,0.3333333333333333,5160.0,0.11180124223602485
908,0.0,3890.0,0.09947643979057591
910,0.0,3954.0,0.12033195020746888
911,0.0,3395.0,0.10860549507516848
914,0.35714285714285715,2527.5,0.11541565778853914
915,0.23809523809523808,4515.0,0.14682539682539683
918,0.0,0.0,0.07142857142857142
920,0.0,4122.0,0.10136986301369863
922,0.0,3395.0,0.11365638766519824
923,0.7,3600.0,0.11189801699716714
926,0.3333333333333333,5060.0,0.15613382899628253
929,0.0,1770.0,0.1276595744680851
930,0.0,2880.0,0.11937377690802348
931,0.14634146341463414,3751.342857142857,0.10526315789473684
934,1.1818181818181819,3750.1333333333337,0.11512415349887133
935,1.7073170731707317,3751.807142857143,0.13695871097683787
936,1.9230769230769231,3825.0,0.10507246376811594
937,0.1111111111111111,1984.2166666666665,0.09655172413793103
938,0.0,0.0,0.25
940,0.0,3855.0,0.11044776119402985
941,0.3157894736842105,4005.0,0.09202453987730061
943,3.5,3892.5,0.13303769401330376
944,0.0,4600.0,0.0898876404494382
947,0.0,3753.152380952381,0.11934673366834171
949,0.0,510.0,0.10267857142857142
954,0.0,3630.0,0.0970873786407767
956,1.3636363636363635,3070.0,0.12875536480686695
957,1.1578947368421053,3435.0,0.11123853211009174
960,0.0,690.0,0.13846153846153847
962,0.0,3752.309523809524,0.12296296296296297
966,0.0,3395.0,0.11131386861313869
967,0.6666666666666666,915.0,0.08045977011494253
969,2.6,4160.0,0.09368191721132897
970,2.2857142857142856,3754.0499999999997,0.12529550827423167
971,0.6857142857142857,3060.0,0.1059245960502693
973,2.903225806451613,3234.0,0.1202928870292887
974,0.0,0.0,0.20833333333333334
975,0.0,4680.0,0.13559322033898305
977,2.8260869565217392,3910.0,0.12100139082058414
978,0.0,3405.0,0.12237762237762238
981,0.0,1080.0,0.25
982,0.0,3753.3047619047616,0.11625514403292181
984,0.15384615384615385,2450.0,0.09260493004663557
985,0.8636363636363636,4170.0,0.1
986,0.0,4320.0,0.09115646258503401
994,0.0,1890.0,0.10138248847926268
995,0.0,1230.0,0.06542056074766354
996,0.38095238095238093,2745.0,0.1027190332326284
997,0.7906976744186046,4485.0,0.13870246085011187
1000,2.825,3395.0,0.11715116279069768
1001,0.6326530612244898,3690.0,0.15495495495495495
1003,0.0,4910.0,0.11224489795918367
1005,0.1,4965.0,0.11564625850340136
1011,1.2941176470588236,3615.0,0.11439114391143912
1012,0.0,4340.0,0.10714285714285714
1013,0.0,0.0,0.5
1014,0.0,1050.0,0.09347826086956522
1015,6.0,0.0,0.13286713286713286
1016,0.19230769230769232,3750.0,0.11708253358925144
1017,1.6666666666666667,3786.0,0.11560693641618497
1018,0.0,3395.0,0.10184696569920844
1019,0.19148936170212766,3724.285714285714,0.11451551129835312
1022,0.9347826086956522,3578.5714285714284,0.09830508474576272
1024,1.1111111111111112,4540.0,0.08951965065502183
1026,1.6666666666666667,3752.3119047619048,0.1206896551724138
1027,3.857142857142857,3751.6309523809527,0.11980033277870217
1028,0.0,3752.690476190476,0.10101010101010101
1029,0.0,3753.5261904761905,0.09782608695652174
1033,0.0,0.0,0.11965811965811966
1034,0.0,3753.121428571428,0.11888111888111888
1035,0.0,3752.6142857142854,0.10914051841746249
1038,0.0,3753.8666666666663,0.10323574730354391
1042,0.7857142857142857,2943.0791666666664,0.10929853181076672
1043,0.0,3900.0,0.08923884514435695
1044,2.3333333333333335,3060.0,0.13430330162283155
1049,0.3333333333333333,4032.0,0.12006578947368421
1051,1.1538461538461537,2010.0,0.10384615384615385
1052,1.7857142857142858,3270.0,0.09154929577464789
1055,0.20833333333333334,3150.0,0.10675808031341821
1057,0.0,3750.3571428571427,0.12155388471177944
1059,1.0909090909090908,3752.5690476190475,0.13163972286374134
1061,0.6363636363636364,2340.0,0.11072902338376892
1064,0.0975609756097561,3685.714285714286,0.1018957345971564
1065,2.1020408163265305,3751.6047619047617,0.1232638888888889
1066,0.0,3820.0,0.091324200913242
1068,0.0,2778.0,0.11494252873563218
1069,0.19230769230769232,3795.0,0.10180623973727422
1070,0.2857142857142857,3420.0,0.11486486486486487
1071,0.0,3204.3541666666665,0.09926470588235294
1072,3.027027027027027,3750.292857142857,0.13170731707317074
1073,0.0,3751.6428571428573,0.10984182776801406
1075,0.25,5460.0,0.087248322147651
1076,0.0,3753.157142857143,0.1038961038961039
1079,0.0,4580.0,0.09798270893371758
1081,0.0,3860.0,0.11538461538461539
1082,0.0,3752.9261904761906,0.12208258527827648
1085,0.11764705882352941,3751.4119047619047,0.09304812834224599
1087,1.03125,3600.0,0.11966987620357634
1088,0.0,2450.0,0.1133076181292189
1089,0.3333333333333333,4545.0,0.10152284263959391
1090,0.3448275862068966,3855.0,0.09723461195361284
1091,0.47619047619047616,3815.0,0.11264822134387352
1093,0.17307692307692307,3965.0,0.11507936507936507
1094,0.0,0.0,0.07317073170731707
1096,0.0,390.0,0.1276595744680851
1097,2.6,3654.0,0.11141304347826086
1099,0.0,3752.5285714285715,0.09703779366700716
1100,0.0,3825.0,0.10144927536231885
1101,0.0,1470.0,0.09154929577464789
1103,1.48,3975.0,0.10052910052910052
1104,0.0,3751.0095238095237,0.11697247706422019
1106,0.0,5850.0,0.07653061224489796
1107,0.0,3690.0,0.11061946902654868
1111,0.6923076923076923,3395.0,0.10675182481751824
1112,0.1,3150.0,0.10801393728222997
1114,2.857142857142857,4215.0,0.1148036253776435
1120,0.64,3880.0,0.11442193087008343
1121,0.0,4690.0,0.09315068493150686
1123,1.4705882352941178,3285.0,0.12307692307692308
1125,0.5882352941176471,3036.0,0.11648223645894001
1126,0.0,4170.0,0.08253968253968254
1127,0.0,3900.0,0.14666666666666667
1136,1.5909090909090908,3840.0,0.1164021164021164
1139,0.0,3501.4285714285716,0.09565217391304348
1140,0.0,1560.0,0.08483754512635379
1141,0.0,3060.0,0.10463258785942492
1142,0.0,3753.3952380952383,0.10258481421647819
1143,1.048780487804878,3753.692857142857,0.0984182776801406
1145,0.7555555555555555,3753.9500000000003,0.10871905274488698
1146,0.5483870967741935,3395.0,0.09926470588235294
1147,0.0,0.0,0.0625
1148,0.0,4590.0,0.12176165803108809
1150,0.375,4530.0,0.11598746081504702
1151,0.0,3660.0,0.06976744186046512
1154,0.0,2820.0,0.10876132930513595
1155,1.2745098039215685,3750.502380952381,0.13611416026344675
1157,0.3611111111111111,3750.9380952380952,0.10491071428571429
1158,0.0,0.0,0.1111111111111111
1159,1.3,420.0,0.08139534883720931
1161,1.3636363636363635,3690.0,0.09120521172638436
1162,1.394736842105263,3752.6428571428573,0.13322759714512292
1163,0.825,3591.4285714285716,0.11451612903225807
1164,0.0,3670.0,0.11373873873873874
1166,0.0,4620.0,0.08333333333333333
1167,8.333333333333334,30.0,0.0967741935483871
1173,0.0,3565.6833333333334,0.11924119241192412
1175,0.0,3750.2714285714287,0.109151973131822
1178,0.0,5340.0,0.07329842931937172
1182,0.0,4552.5,0.10585585585585586
1183,0.0,3638.5714285714284,0.10902074288470816
1190,5.6521739130434785,3450.0,0.12764705882352942
1191,0.0,3750.9690476190476,0.1152073732718894
1197,0.0,0.0,0.14864864864864866
1199,0.0,3750.4857142857145,0.08574879227053141
1201,1.71875,4680.0,0.12155963302752294
1204,0.0,4365.0,0.11888111888111888
1205,0.6216216216216216,3754.252380952381,0.1079136690647482
1206,0.7083333333333334,3753.197619047619,0.12132024977698483
1210,1.5416666666666667,3472.5,0.11552680221811461
1214,0.14285714285714285,3752.0238095238096,0.10787878787878788
1215,0.0,3752.6785714285716,0.1033013844515442
1216,0.0,2450.0,0.11095700416088766
1222,0.0,4477.5,0.09653465346534654
1224,0.0,3750.4119047619047,0.11175337186897881
1225,0.0,2920.0,0.1313364055299539
1226,0.48148148148148145,4050.0,0.1167192429022082
1227,0.0,3651.4285714285716,0.10451045104510451
1228,0.42857142857142855,4440.0,0.0945945945945946
1229,0.0,3753.6428571428573,0.10872675250357654
1234,1.2926829268292683,3751.704761904762,0.12267080745341614
1235,3.6363636363636362,2745.0,0.10526315789473684
1237,0.0,3480.0,0.14285714285714285
1238,0.0,0.0,0.08235294117647059
1240,0.0,420.0,0.03333333333333333
1241,2.675,3984.0,0.11139896373056994
1243,0.0,3750.0499999999997,0.10837438423645321
1246,0.0,2745.0,0.10356347438752785
1249,0.2978723404255319,3395.0,0.09829430471234461
1252,0.0,3330.0,0.12734082397003746
1254,1.8125,3630.0,0.1319796954314721
1256,0.0,3750.1166666666663,0.10272873194221509
1257,2.5,0.0,0.13636363636363635
1259,0.0,2450.0,0.1099476439790576
1260,6.1,3752.102380952381,0.1411111111111111
1262,0.3333333333333333,2542.5,0.13030069390902083
1264,0.38461538461538464,3754.12619047619,0.13297872340425532
1265,0.0,1450.0,0.1112316874660879
1267,0.0,3100.0,0.09534883720930233
1268,0.0,780.0,0.09302325581395349
1269,0.0,4170.0,0.1092436974789916
1270,1.8181818181818181,3751.0619047619048,0.12601626016260162
1273,0.8947368421052632,4035.0,0.10742358078602621
1275,0.0,3750.8571428571427,0.12474012474012475
1277,0.9487179487179487,3754.15,0.1218274111675127
1278,0.0,3752.602380952381,0.12302070645554203
1279,1.7142857142857142,4845.0,0.125
1280,0.0,4215.0,0.10989010989010989
1282,0.0,3608.5714285714284,0.10309278350515463
1284,0.0,4740.0,0.1046831955922865
1289,0.0,4620.0,0.08333333333333333
1292,0.0,0.0,0.0
1294,1.95,3540.0,0.13333333333333333
1297,3.125,870.0,0.06666666666666667
1298,0.0,3018.0,0.09546769527483125
1299,0.0,5070.0,0.12781954887218044
1300,1.0208333333333333,3751.7357142857145,0.08274647887323944
1303,1.6666666666666667,2445.0,0.09420289855072464
1304,0.75,3751.0761904761903,0.12648221343873517
1306,0.0,3562.5,0.1048728813559322
1307,0.2777777777777778,3711.4285714285716,0.10869565217391304
1308,0.09090909090909091,2010.0,0.08668730650154799
1310,0.1,1170.0,0.06329113924050633
1315,0.9210526315789473,3752.2833333333333,0.11712707182320442
1317,0.0,4182.0,0.11977401129943503
1318,1.2745098039215685,3750.37619047619,0.10888610763454318
1320,1.375,3753.4238095238097,0.1251193887297039
1321,3.9375,4950.0,0.10256410256410256
1326,0.0,3753.697619047619,0.10864745011086474
1327,0.0,5790.0,0.09615384615384616
1328,0.0,4140.0,0.10526315789473684
1329,0.65625,3750.1,0.11861313868613138
1330,0.0,3480.0,0.11764705882352941
1333,4.0,4200.0,0.1371841155234657
1335,0.0,1920.0,0.10492505353319058
1336,2.6470588235294117,2775.0,0.10142348754448399
1337,0.28,4370.0,0.10644257703081232
1338,3.3333333333333335,5415.0,0.10801393728222997
1342,0.0,3457.5,0.10148514851485149
1346,0.0,0.0,0.13333333333333333
1349,0.0,3750.4261904761906,0.09967845659163987
1351,0.0,3753.3571428571427,0.11403508771929824
1352,0.0,2370.0,0.10792349726775956
1353,0.0,1379.1666666666665,0.08695652173913043
1355,0.0,3910.0,0.10407632263660017
1356,0.0,4252.5,0.11873350923482849
1357,0.0,0.0,0.102803738317757
1360,3.857142857142857,3700.0,0.132996632996633
1362,1.0,3752.2214285714285,0.11523687580025609
1367,0.2619047619047619,3752.9238095238097,0.12
1368,0.0,3750.6190476190473,0.10588235294117647
1369,1.5789473684210527,3560.0,0.11343612334801761
1370,2.142857142857143,3751.7214285714285,0.10661268556005399
1371,0.5,1920.0,0.09556907037358818
1372,0.0,1965.0,0.11335012594458438
1373,0.4230769230769231,3555.0,0.11475409836065574
1376,0.0,4130.0,0.1
1379,1.4666666666666666,4440.0,0.11464968152866242
1381,0.0,3753.0547619047616,0.09294871794871795
1382,0.1111111111111111,2450.0,0.11756097560975609
1383,0.0,4432.5,0.11444652908067542
1384,0.7352941176470589,5040.0,0.11506849315068493
1387,0.125,2592.641666666667,0.12205567451820129
1389,0.0,3912.0,0.10548523206751055
1393,0.42105263157894735,3540.0,0.11848958333333333
1397,0.3333333333333333,1980.0,0.125
1399,1.3333333333333333,870.0,0.12962962962962962
1402,1.4,2535.0,0.08986928104575163
1403,3.870967741935484,4640.0,0.13478260869565217
1404,0.5714285714285714,3753.707142857143,0.11010362694300518
1410,0.0,3877.5,0.11380145278450363
1412,0.0,3950.0,0.10876132930513595
1413,0.0,2070.0,0.0927536231884058
1415,0.0,0.0,0.09289617486338798
1418,0.0,3750.0,0.1025588113908378
1419,0.0,0.0,0.0
1420,0.0,0.0,0.08
1422,2.1739130434782608,4245.0,0.12910284463894967
1423,0.0,5520.0,0.1175115207373272
1429,0.0,3753.3166666666666,0.09516380655226209
1430,0.0,3753.7357142857145,0.1111111111111111
1433,0.0,3753.842857142857,0.14250614250614252
1434,0.34615384615384615,4440.0,0.10424028268551237
1436,0.41025641025641024,3753.4785714285713,0.10149253731343283
1442,0.0,720.0,0.11822660098522167
1444,4.785714285714286,4530.0,0.13063063063063063
1445,0.625,2840.0,0.12046204620462046
1448,0.0,1800.0,0.061224489795918366
1450,0.41935483870967744,3792.0,0.11510791366906475
1451,0.36363636363636365,4620.0,0.07042253521126761
1453,0.0,3750.5738095238094,0.10909090909090909
1454,0.0,270.0,0.057692307692307696
1457,0.38235294117647056,3711.4285714285716,0.0962566844919786
1459,0.0,1230.0,0.11888111888111888
1460,0.0,0.0,0.2
1461,0.0,4380.0,0.11168831168831168
1464,10.0,4440.0,0.13688212927756654
1465,0.1702127659574468,3750.502380952381,0.11850946854001222
1468,1.72,3435.0,0.10848400556328233
1471,2.109090909090909,3750.9666666666667,0.12379935965848453
1472,3.0,1620.0,0.07453416149068323
1473,0.0,3750.747619047619,0.11010558069381599
1477,3.3333333333333335,3060.0,0.12337662337662338
1480,0.7272727272727273,5340.0,0.1039426523297491
1481,0.0,1830.0,0.08093994778067885
1484,0.9473684210526315,4080.0,0.11439114391143912
1485,1.8867924528301887,3750.2166666666667,0.1272965879265092
1489,3.0,4140.0,0.11224489795918367
1495,6.785714285714286,4760.0,0.16032064128256512
1496,0.7142857142857143,2670.0,0.10526315789473684
1498,0.0,3720.0,0.1111111111111111
1500,0.0,3135.0,0.09520348837209303
1501,0.0,3753.7261904761904,0.12117647058823529
1502,0.0,3690.0,0.09966024915062288
1504,0.4375,3060.0,0.09345794392523364
1505,0.0,0.0,0.25
1509,0.0,4540.0,0.12574850299401197
1510,0.0,3655.714285714286,0.1072961373390558
1512,3.4375,3570.0,0.12548512289780078
1513,0.0,3750.0285714285715,0.13488975356679636
1516,0.5510204081632653,3750.0690476190475,0.10927835051546392
1517,0.0,3300.0,0.09449354180829368
1520,0.0,870.0,0.11764705882352941
1521,0.25,5430.0,0.1032258064516129
1522,0.5128205128205128,3865.0,0.1277445109780439
1525,2.8048780487804876,3754.2238095238095,0.1273006134969325
1527,0.09090909090909091,3666.0,0.10829493087557604
1528,0.0,4670.0,0.08495145631067962
1530,1.0,3270.0,0.13183279742765272
1535,1.2745098039215685,3750.4309523809525,0.12921810699588476
1536,1.0,1080.0,0.10985915492957747
1537,0.13157894736842105,2754.0,0.13176007866273354
1538,2.425,3753.254761904762,0.14213197969543148
1542,0.0,1755.0,0.0933852140077821
1543,0.0,2640.0,0.1276595744680851
1544,1.7,3753.407142857143,0.12093023255813953
1545,0.0,930.0,0.0962566844919786
1546,2.074074074074074,4320.0,0.12966601178781925
1547,0.0,3395.0,0.10681038706516413
1548,0.5714285714285714,4440.0,0.10882956878850103
1552,6.5,4290.0,0.12195121951219512
1555,0.7916666666666666,3690.0,0.11672683513838748
1558,0.0,3930.0,0.12949640287769784
1559,0.0,3753.157142857143,0.1052060737527115
1560,0.0,3750.0285714285715,0.10923423423423423
1563,1.7857142857142858,2556.0,0.09125893347993402
1564,0.0,4170.0,0.0743801652892562
1566,0.0,0.0,0.109375
1567,1.1458333333333333,3752.295238095238,0.1380952380952381
1569,0.0,1980.0,0.1797752808988764
1572,0.0,1680.0,0.11267605633802817
1574,0.15,3870.0,0.09814814814814815
1575,0.0,240.0,0.09803921568627451
1576,0.0,3668.5714285714284,0.0993006993006993
1577,0.0,2400.0,0.0962962962962963
1579,3.0,3840.0,0.11255924170616113
1581,1.7575757575757576,3772.5,0.11266375545851529
1583,1.0,2740.0,0.10597302504816955
1584,0.0,4470.0,0.08444444444444445
1587,0.3333333333333333,3360.0,0.09716599190283401
1588,0.4222222222222222,3752.9880952380954,0.06637168141592921
1589,0.0,3750.252380952381,0.08860759493670886
1591,0.0,3752.5499999999997,0.109717868338558
1592,0.0,915.0,0.13414634146341464
1593,1.5555555555555556,2640.0,0.11457036114570361
1594,0.0,3675.0,0.09772727272727273
1601,0.0,0.0,0.25
1602,0.3157894736842105,5250.0,0.08550185873605948
1606,0.0,2160.0,0.11567164179104478
1609,0.5,3785.0,0.11005692599620494
1610,0.0,3750.621428571428,0.11257606490872211
1612,0.0,5020.0,0.09226932668329177
1613,0.0,3510.0,0.1054726368159204
1614,0.0,4650.0,0.15060240963855423
1615,0.34146341463414637,3552.8571428571427,0.09552401746724891
1620,0.0,30.0,0.16216216216216217
1623,2.810810810810811,3752.752380952381,0.10570071258907364
1624,0.8333333333333334,4890.0,0.12618296529968454
1628,0.0,3751.3904761904764,0.10163111668757842
1629,0.0,3752.733333333333,0.09188034188034189
1630,0.0,3751.0642857142857,0.12369942196531791
1631,0.0,3753.664285714286,0.12018140589569161
1632,0.0,3450.0,0.10967741935483871
1634,0.6585365853658537,3395.0,0.10318664643399089
1635,0.0,2970.0,0.12
1636,1.3157894736842106,3585.0,0.1160337552742616
1639,3.4444444444444446,4005.0,0.12341101694915255
1640,1.894736842105263,3751.959523809524,0.1271860095389507
1642,0.0,0.0,0.09090909090909091
1644,0.0,4770.0,0.08764940239043825
1645,0.3902439024390244,3753.8952380952383,0.0992835209825998
1652,1.8837209302325582,3752.233333333333,0.1213235294117647
1656,0.0,2380.0,0.10056497175141244
1657,0.8529411764705882,3864.0,0.12267657992565056
1658,1.4444444444444444,3753.8690476190473,0.14634146341463414
1661,0.0,1950.0,0.11711711711711711
1663,0.0,0.0,0.08333333333333333
1664,0.0,3750.995238095238,0.10667634252539913
1665,0.0,3751.8142857142857,0.095
1666,0.0,3810.0,0.12648221343873517
1667,0.0,4100.0,0.08900523560209424
1668,0.0,4010.0,0.09861111111111111
1669,0.0,3750.207142857143,0.10648596321393998
1674,0.0,3750.0,0.10542321338063862
1675,0.0,3930.0,0.0916289592760181
1676,0.0,2346.0,0.07578558225508318
1681,0.9047619047619048,3825.0,0.12589073634204276
1682,0.0,4212.0,0.09197080291970802
1684,0.0,3753.461904761905,0.11434977578475336
1685,0.0,4230.0,0.13569321533923304
1686,13.333333333333334,2370.0,0.13304721030042918
1687,1.0555555555555556,3965.0,0.12631578947368421
1688,0.0,3753.5238095238096,0.1392235609103079
1689,0.0,0.0,0.08333333333333333
1690,0.2682926829268293,4552.5,0.11023622047244094
1691,0.0,3800.0,0.10247349823321555
1692,0.0,1530.0,0.11988304093567251
1693,7.6923076923076925,3570.0,0.10047846889952153
1695,0.0,4740.0,0.11413043478260869
1697,4.095238095238095,3480.0,0.13962635201573254
1700,0.0,2280.0,0.050359712230215826
1701,0.0,3305.0,0.12039582188015394
1704,0.23076923076923078,3015.0,0.1073943661971831
1708,0.0,3010.0,0.11337868480725624
1712,0.0,780.0,0.09166666666666666
1713,0.3333333333333333,2370.0,0.1308411214953271
1717,1.1,3754.252380952381,0.10510510510510511
1719,0.1875,4680.0,0.09724047306176084
1720,0.0,3751.0642857142857,0.09977324263038549
1721,0.3076923076923077,3715.0,0.10187110187110188
1722,0.4444444444444444,2040.0,0.10084033613445378
1729,0.0,4860.0,0.11055276381909548
1730,0.5833333333333334,3330.0,0.10357142857142858
1731,0.0,3752.4333333333334,0.08069164265129683
1732,3.909090909090909,4374.0,0.16302765647743814
1733,0.0,3660.0,0.0935672514619883
1734,0.34146341463414637,3395.0,0.10092551784927281
1735,0.0,600.0,0.15789473684210525
1740,0.37142857142857144,3753.8190476190475,0.13507109004739337
1742,0.0,3286.66875,0.10460251046025104
1744,0.375,4272.0,0.11580882352941177
1746,0.0,4060.0,0.10751295336787564
1749,0.0,0.0,0.22857142857142856
1752,0.0,2250.0,0.10106382978723404
1753,0.4166666666666667,1680.0,0.14671814671814673
1756,0.20454545454545456,3753.1333333333337,0.11260504201680673
1759,1.875,3905.0,0.11658653846153846
1760,1.4230769230769231,2410.0,0.11616389013957677
1765,0.8,4065.0,0.10204081632653061
1766,0.0,2520.0,0.09826589595375723
1769,2.2888888888888888,3754.157142857143,0.12197437114380635
1770,0.2,2955.0,0.12690355329949238
1771,0.4594594594594595,3888.0,0.11084905660377359
1775,0.0,5040.0,0.09961685823754789
1777,0.0,4192.5,0.11538461538461539
1782,1.7428571428571429,3752.1404761904764,0.138328530259366
1783,0.0,3330.0,0.10839160839160839
1786,0.0,570.0,0.08447937131630648
1789,0.0,0.0,0.09615384615384616
1790,0.0,3750.8904761904764,0.09887005649717515
1792,1.4285714285714286,3315.0,0.09583952451708767
1793,0.5652173913043478,3750.590476190476,0.08545034642032333
1796,0.0,2450.0,0.09613059250302297
1797,0.0,4800.0,0.10909090909090909
1799,0.0,3480.0,0.09558823529411764
1801,0.41025641025641024,3805.0,0.11081441922563418
1803,2.5,3060.0,0.13024850042844902
1804,2.2058823529411766,3548.5714285714284,0.11441307578008915
1805,0.0,3090.0,0.10616438356164383
1806,1.5365853658536586,3832.5,0.1357142857142857
1807,1.2264150943396226,3752.5761904761903,0.13671875
1808,0.0,3190.0,0.10714285714285714
1809,0.375,3395.0,0.10706713780918728
1811,3.2142857142857144,4280.0,0.10876132930513595
1815,2.128205128205128,3495.0,0.1306715063520871
1816,0.9375,5385.0,0.0962566844919786
1820,0.0,4390.0,0.10815939278937381
1821,0.19607843137254902,3750.8214285714284,0.09800097513408093
1823,0.0,3684.0,0.12698412698412698
1824,0.0,2175.0,0.08818635607321132
1827,0.0,3180.0,0.1076923076923077
1830,0.0,3340.0,0.099601593625498
1834,0.0,3751.0738095238094,0.09386281588447654
1835,1.125,3960.0,0.12305986696230599
1836,0.0,1620.0,0.07042253521126761
1837,3.526315789473684,3712.5,0.12804878048780488
1841,0.0,3950.0,0.11711711711711711
1844,0.0,3753.1166666666663,0.11177644710578842
1845,0.0,3180.0,0.11492890995260663
1846,0.5555555555555556,2340.0,0.11627906976744186
1848,0.0,1652.3125,0.13494809688581316
1856,0.20454545454545456,3752.904761904762,0.11836734693877551
1858,0.0,1620.0,0.09595959595959595
1862,0.0,1080.0,0.1320754716981132
1863,0.8157894736842105,3751.254761904762,0.10817307692307693
1865,0.0,0.0,0.12121212121212122
1868,0.0,3348.0,0.10426540284360189
1872,5.5,2625.0,0.13761467889908258
1873,3.0,0.0,0.125
1874,1.131578947368421,3754.004761904762,0.10989010989010989
1875,0.0,2775.0,0.0880503144654088
1879,0.0,0.0,0.10687022900763359
1880,0.18604651162790697,4038.0,0.09353507565337002
1881,0.0,3075.0,0.10377358490566038
1882,0.0,4338.0,0.10843373493975904
1884,0.0,3090.0,0.09792709077912795
1885,2.4,2625.0,0.1279373368146214
1886,0.0,3390.0,0.09734513274336283
1889,3.32,4117.5,0.10746812386156648
1890,0.0,3751.4,0.09472551130247578
1891,0.0,735.0,0.1092436974789916
1892,0.5106382978723404,3750.997619047619,0.08465608465608465
1894,0.125,2362.5,0.10857142857142857
1900,0.0,3753.5714285714284,0.10645526613816535
1904,0.0,0.0,0.3333333333333333
1905,1.0,1170.0,0.10204081632653061
1908,0.0,3984.0,0.11564625850340136
1909,0.0,4117.5,0.09495548961424333
1910,0.0,0.0,0.02564102564102564
1911,0.09090909090909091,4455.0,0.11141753998896856
1915,5.454545454545454,3395.0,0.12234318299637117
1919,0.0,3862.5,0.13848920863309352
1922,0.6,3330.0,0.12083333333333333
1924,0.0,3750.0071428571428,0.11935110081112399
1925,5.733333333333333,2092.5,0.11175710594315245
1926,0.30612244897959184,3753.6357142857146,0.09935897435897435
1928,0.0,3753.2999999999997,0.10810810810810811
1929,1.1111111111111112,2580.0,0.10902255639097744
1930,0.0,5340.0,0.10914454277286136
1932,0.0,3165.0,0.11274509803921569
1933,0.0,3960.0,0.10837438423645321
1934,2.5454545454545454,4290.0,0.10320284697508897
1935,0.08333333333333333,3855.0,0.10438413361169102
1936,0.3157894736842105,3555.0,0.09090909090909091
1937,0.35,3160.0,0.08651911468812877
1941,0.8888888888888888,2640.0,0.1004566210045662
1944,0.0,3110.0,0.1025965801139962
1945,0.20588235294117646,3915.0,0.10776942355889724
1946,1.0714285714285714,3697.5,0.10177514792899409
1948,0.08695652173913043,3855.0,0.14049586776859505
1949,0.0,0.0,0.0
1950,0.0,3945.0,0.11594202898550725
1953,0.27586206896551724,4080.0,0.11285266457680251
1954,0.6428571428571429,3255.0,0.12608695652173912
1957,0.96,3560.0,0.11204013377926421
1958,1.8,3753.954761904762,0.11670480549199085
1960,1.6666666666666667,0.0,0.09523809523809523
1963,0.0,1380.0,0.10756972111553785
1966,0.2,3752.3880952380955,0.12385321100917432
1972,1.150943396226415,3751.6071428571427,0.11010421386497508
1974,0.0,450.0,0.1958762886597938
1979,0.0,3855.0,0.10626702997275204
1988,0.0,0.0,0.07142857142857142
1989,1.588235294117647,4672.5,0.13876651982378854
1991,4.375,3520.0,0.12071330589849108
1994,0.0,0.0,0.12244897959183673
1997,1.2272727272727273,3754.0119047619046,0.10129310344827586
2000,0.15,4190.0,0.10504201680672269
2001,0.0,630.0,0.12352941176470589
2004,0.0,3752.0238095238096,0.11241217798594848
2008,0.0,1770.0,0.125
2009,1.3559322033898304,3753.847619047619,0.1468354430379747
2010,0.0,1395.0,0.09090909090909091
2012,0.0,3682.5,0.10519480519480519
2013,1.8181818181818181,2910.0,0.11617312072892938
2016,2.357142857142857,2450.0,0.11423390752493201
2017,0.0,3490.0,0.11354228267297457
2021,0.0,0.0,0.14893617021276595
2024,0.0,2400.0,0.12368421052631579
2025,5.0,4680.0,0.08208955223880597
2026,0.0,0.0,0.13043478260869565
2027,0.0,0.0,0.0
2028,0.0,3752.371428571428,0.10297482837528604
2029,3.2653061224489797,3750.916666666667,0.13288288288288289
2030,0.19148936170212766,3750.3190476190475,0.11601513240857503
2031,0.0,3060.0,0.09719478467009088
2032,0.5128205128205128,3752.4809523809527,0.09809663250366032
2033,0.0,2280.0,0.12884333821376281
2035,8.0,0.0,0.05405405405405406
2038,0.0,3945.0,0.1094224924012158
2040,0.0,3752.5238095238096,0.10643367752184273
2043,0.0,3270.0,0.11972789115646258
2044,0.0,3652.5,0.09811320754716982
2045,0.0,0.0,0.04411764705882353
2047,0.0,4650.0,0.10746812386156648
2048,0.0,3753.833333333333,0.10721343873517787
2051,0.0,3751.164285714286,0.13257575757575757
2052,0.75,1350.0,0.12091503267973856
2053,0.0,3751.3666666666663,0.11168831168831168
2056,0.0,3217.5,0.10153102336825141
2057,0.75,1950.0,0.12121212121212122
2059,0.0,3510.0,0.11061946902654868
2066,0.0,0.0,0.03508771929824561
2067,0.0,4850.0,0.12121212121212122
2068,0.0,4665.0,0.11080332409972299
2071,1.8181818181818181,2700.0,0.06190476190476191
2073,0.9655172413793104,4620.0,0.12455516014234876
2078,0.0,3485.0,0.1330532212885154
2080,0.0,2745.0,0.10708469055374593
2081,1.6,4657.5,0.11092715231788079
2084,1.8222222222222222,3752.6119047619045,0.1284796573875803
2085,0.0,1260.0,0.049019607843137254
2086,0.0,3240.0,0.09271523178807947
2088,0.0,5090.0,0.10071942446043165
2090,4.545454545454546,4440.0,0.09009009009009009
2092,1.75,3750.75,0.10429447852760736
2098,0.0,0.0,0.11940298507462686
2099,0.0,4050.0,0.1113892365456821
2101,0.0,5670.0,0.12598425196850394
2103,0.0,3754.2833333333333,0.11271975180972078
2106,0.0,3750.0,0.09478260869565218
2109,0.0,2130.0,0.13690476190476192
2112,0.0,3330.0,0.11244979919678715
2113,2.8260869565217392,3690.0,0.1132596685082873
2116,0.0,3090.0,0.0975609756097561
2117,1.0,2580.0,0.08441558441558442
2120,0.0,3753.8642857142854,0.11007751937984496
2122,0.47058823529411764,5610.0,0.09829059829059829
2124,0.0,4470.0,0.08
2127,0.19230769230769232,3750.5095238095237,0.13562753036437247
2128,0.5833333333333334,3395.0,0.09928825622775801
2129,0.0,4940.0,0.1
2132,1.8571428571428572,3608.5714285714284,0.13918305597579425
2133,1.3783783783783783,3754.0880952380953,0.12557077625570776
2136,0.0,3770.0,0.125
2137,0.0,4500.0,0.10173697270471464
2139,0.3137254901960784,3752.454761904762,0.09950248756218906
2142,0.4782608695652174,3912.0,0.12511332728921123
2145,0.0,0.0,0.17073170731707318
2146,0.13636363636363635,3753.542857142857,0.13453815261044177
2149,0.0,3751.197619047619,0.08940397350993377
2151,0.0,3484.285714285714,0.0986887508626639
2152,1.7272727272727273,3675.0,0.08465608465608465
2153,0.8823529411764706,3540.0,0.08908045977011494
2154,25.0,2415.0,0.11060948081264109
2157,0.0,3750.6357142857146,0.09436274509803921
2161,0.5945945945945946,3753.5333333333333,0.1106612685560054
2162,0.47058823529411764,3750.0,0.11688311688311688
2168,0.0,4530.0,0.11914893617021277
2174,1.6666666666666667,3930.0,0.09585492227979274
2176,0.0,0.0,0.1
2177,1.2727272727272727,3752.8595238095236,0.12622950819672132
2178,0.0,3752.7785714285715,0.109375
2182,1.5454545454545454,3486.0,0.11769172361427487
2187,0.0,4305.0,0.12781954887218044
2190,0.36,4540.0,0.10315186246418338
2194,0.0,3751.5142857142855,0.11421911421911422
2197,0.0,3752.647619047619,0.10863509749303621
2199,0.49019607843137253,3753.6095238095236,0.11923076923076924
2200,0.0,180.0,0.12931034482758622
2203,0.0,3753.0619047619048,0.11625
2204,0.0,3840.0,0.14957264957264957
2205,0.13043478260869565,2970.0,0.10140845070422536
2208,0.8571428571428571,3920.0,0.12424242424242424
2209,1.5833333333333333,3936.0,0.09509509509509509
2212,0.7450980392156863,3753.709523809524,0.11700680272108843
2214,0.0,3751.0547619047616,0.11069418386491557
2216,2.142857142857143,4134.0,0.12247324613555291
2217,0.0,0.0,0.0
2218,0.46,3752.983333333333,0.12005108556832694
2219,0.0,4374.0,0.10201342281879194
2221,1.7164179104477613,3752.904761904762,0.1185617103984451
2222,3.090909090909091,3753.3690476190473,0.13736903376018628
2224,0.0,0.0,0.17857142857142858
2226,0.0,0.0,0.11278195488721804
2227,2.64,4940.0,0.10327455919395466
2229,5.575,3753.4857142857145,0.11596958174904944
2230,0.6666666666666666,4062.0,0.12307692307692308
2231,0.0,3752.0142857142855,0.09567198177676538
2236,0.6818181818181818,3345.0,0.13033175355450238
2241,0.8846153846153846,3690.0,0.09703779366700716
2243,0.24242424242424243,3011.788095238095,0.13740458015267176
2244,3.1578947368421053,4950.0,0.12680115273775217
2248,0.525,3694.285714285714,0.10056657223796034
2250,0.0,2955.0,0.12275449101796407
2251,0.0,4032.0,0.09731543624161074
2252,0.0,3753.959523809524,0.09769484083424808
2253,0.0,2932.5,0.129979035639413
2254,2.0476190476190474,4300.0,0.1163101604278075
2255,0.0,4230.0,0.09900990099009901
2256,0.0,3395.0,0.10982443033246171
2259,0.13043478260869565,3060.0,0.10451170759565963
2260,5.0,3030.0,0.10778443113772455
2261,0.0,3210.0,0.07563025210084033
2262,0.0,3751.057142857143,0.12046908315565032
2263,0.0,3752.5071428571428,0.10572687224669604
2264,0.0,2025.0,0.09813084112149532
2265,0.3,240.0,0.07035175879396985
2267,0.0,4200.0,0.11457036114570361
2269,0.3333333333333333,1830.0,0.10031347962382445
2270,0.0,1050.0,0.14227642276422764
2271,0.5294117647058824,3645.0,0.11411992263056092
2275,0.0,3900.0,0.10548523206751055
2276,0.0,0.0,0.0
2278,2.2142857142857144,4050.0,0.1174785100286533
2279,0.0,3751.461904761905,0.11764705882352941
2281,3.9411764705882355,4080.0,0.11981566820276497
2282,0.0,4290.0,0.10416666666666667
2283,0.4166666666666667,1988.5,0.11764705882352941
2284,0.0,0.0,0.12790697674418605
2285,2.380952380952381,3660.0,0.10767590618336886
2288,0.0,2745.0,0.10991379310344827
2289,0.0,4380.0,0.10674157303370786
2292,0.0,0.0,0.11210762331838565
2293,1.7647058823529411,3750.0,0.10996835443037975
2295,0.36,3712.5,0.1127129750982962
2296,0.0,1363.925,0.10465116279069768
2297,0.0,4050.0,0.11176470588235295
2298,0.0,2310.0,0.0761904761904762
2299,0.6,2520.0,0.11050847457627119
2303,0.07692307692307693,2690.0,0.09915014164305949
2305,0.0,3937.5,0.11475409836065574
2306,1.0163934426229508,3752.152380952381,0.10761789600967352
2307,0.0,3750.0,0.1013302034428795
2308,0.0,1380.0,0.12857142857142856
2309,8.25,120.0,0.13445378151260504
2312,0.0,4125.0,0.10839160839160839
2314,0.0,3750.5761904761903,0.09553641346906813
2316,5.0,2310.0,0.11158798283261803
2318,0.0,3790.0,0.10349854227405247
2320,2.5,5070.0,0.1144578313253012
2323,0.0,3240.0,0.10981308411214953
2324,0.0,4590.0,0.08039492242595205
2326,8.333333333333334,0.0,0.08881578947368421
2330,0.0,4507.5,0.1260387811634349
2332,5.0,1440.0,0.10793650793650794
2333,0.0,3752.666666666667,0.10932475884244373
2336,0.03571428571428571,2336.3333333333335,0.10904480135249366
2340,2.5833333333333335,3800.0,0.125
2341,0.0,2640.0,0.1393939393939394
2343,0.7380952380952381,3395.0,0.1095072175211548
2344,0.0,3787.5,0.11124121779859485
2346,0.46153846153846156,4755.0,0.0884450784593438
2348,0.0,3752.416666666667,0.1162079510703364
2349,0.0,0.0,0.14285714285714285
2353,0.0,3527.1428571428573,0.0941860465116279
2354,0.0,3753.4738095238095,0.10795454545454546
2355,2.8444444444444446,3751.4714285714285,0.1271282633371169
2356,0.2647058823529412,3395.0,0.1095890410958904
2357,0.0,2745.0,0.1042904290429043
2359,2.372093023255814,3751.5714285714284,0.14049586776859505
2360,0.0,1186.275,0.15
2361,1.0,4030.0,0.11612903225806452
2362,0.0,0.0,0.07446808510638298
2365,0.08823529411764706,3720.0,0.10887772194304858
2366,0.0,3790.0,0.10175438596491228
2368,1.4634146341463414,3750.4714285714285,0.09237536656891496
2373,0.0,1890.0,0.11538461538461539
2374,0.0,1050.0,0.07894736842105263
2376,0.0,3405.0,0.1016949152542373
2377,0.0,0.0,0.06060606060606061
2379,0.6,3750.6095238095236,0.10324483775811209
2382,0.0,3753.652380952381,0.1218026796589525
2383,0.391304347826087,3752.192857142857,0.1110236220472441
2384,0.75,3751.590476190476,0.14516129032258066
2386,0.15789473684210525,5010.0,0.11764705882352941
2387,2.8125,3210.0,0.13916786226685796
2389,0.0,3591.4285714285716,0.11475409836065574
